StarID	HIP	HD	HR	Gliese	BayerFlamsteed	ProperName	RA	Dec	Distance	Mag	AbsMag	Spectrum	ColorIndex
0						Sol	0	0	0	-26.73	4.85	G2V	0.656
1	1	224700					0.00006079	1.08901332	282.4858757062	9.1	1.8450163101	F5	0.482
